author,isbn,price,title
Lorinda Jimmes,631805012-4,$27.43,Coastal Plain Dawnflower
Torey Lamberteschi,252382323-3,$34.26,Snowrose
Josefa Neaves,059549042-5,$20.50,Staggers Grass
L;urette Ganford,553644523-5,$32.83,Sneezeweed
Madalyn Aviss,823745859-1,$27.41,Greenland Buttercup
Samaria Dack,038816589-8,$17.99,Monkey Jack
Marlyn Grimsdale,420429187-2,$15.00,Portulacaria
Conrade Gayther,877216119-1,$29.75,Narrowleaf Grapefern
Bruis Misken,407036062-X,$45.72,Candelilla
Eldredge Di Ruggero,958677377-9,$10.64,Ouachita Bluet
Valida Leeson,210481984-9,$14.20,Yellow Himalayan Raspberry
Berenice Bloan,521615890-1,$32.86,Agoseris
Kalinda Winslet,119586244-X,$24.15,Caskfruit
Lorenza Busswell,157860982-8,$36.69,Trailplant
Gwen Delaprelle,701358545-9,$39.71,Arizona Desert-thorn
Emili Cubbini,191093640-5,$40.19,Leonard's Witch Hazel
Merrile Gatesman,465798001-7,$30.13,Spoonwort
Jayme Ensley,712104263-0,$32.34,Jelly Lichen
Roz Stanway,742948895-1,$12.01,Stirtonia Lichen
Amberly McGlynn,301540568-3,$23.23,Persian Ironwood
Andree Cussen,715495350-0,$43.10,Hybrid Pine
Suzann Pietersen,907220735-1,$15.31,Hubricht's Bluestar
Ainslie Magne,054313940-9,$49.73,Kauai Tetramolopium
Odille Flaunier,507858969-4,$44.55,Bedstraw
Lockwood Breckenridge,284737982-7,$11.59,Florida Hedgenettle
Tiebold Granville,433381995-4,$37.15,Lecidea Lichen
Adrian Gutteridge,859943455-1,$32.09,Berg's Panicgrass
Rozele Millin,172844875-1,$16.52,Elegant Clarkia
Nannette Ditch,039494934-X,$30.44,Mt. Eke Peperomia
Demetri Foye,300866851-8,$49.06,Climbing Fern
Sibylle Mawford,848759542-1,$44.91,Common Sandaster
Constantin Warton,240194905-4,$39.35,Florida Star Orchid
Gussi Upstone,784568807-X,$48.90,Greenleaf Ticktrefoil
Allyson Vogl,126342860-6,$33.82,Groundcover Milkvetch
Kin Brandli,367649939-5,$42.14,Long-flower Marlock
Wally Perrigo,679285025-X,$18.64,Leathery Grapefern
Doll Aspall,915001740-3,$25.13,Smooth Solomon's Seal
Amandy Gaynes,142269164-0,$25.28,Kindberg's Climacium Moss
Janenna Rohfsen,777925411-9,$49.70,Whitestem Gooseberry
Bogey Streeton,946514526-2,$42.95,Lady's Tresses
Arel Hyam,290304609-3,$32.35,Dicranella Moss
Ward Nanson,221914247-7,$11.93,Widethroat Yellow Monkeyflower
Nerty Farady,228312567-7,$39.97,Koholapehu
Conrade Allery,517094243-5,$20.36,Crested Sedge
Silvanus Dundredge,977249055-2,$36.94,Prickly Bog Sedge
Minor Cordet,204110292-6,$37.52,Showy Sunflower
Dallas Hayes,736119714-0,$12.97,Lemmon's Milkweed
Farr Lawles,799027528-7,$36.24,Annual Psathyrotes
Tiphany Martinolli,619134597-6,$31.05,Western Yarrow
Aili Shafto,789910966-3,$45.21,Coast Range Brome
