vendorID,vendorName
"",Heaney LLC
"",Koelpin-Harris
"",Gulgowski-Ruecker
"",Littel and Sons
"",Feil and Sons
"",Johns-Heidenreich
"",Rodriguez and Sons
"",Skiles-Rutherford
"",Hyatt-Crist
"",Fadel-Luettgen
"",Cronin Group
"",Lakin Inc
"","Schumm, Predovic and Stanton"
"",McKenzie-Dickinson
"",Morissette and Sons
"","Ankunding, Conroy and Bins"
"","Lubowitz, Yost and Lubowitz"
"","Abbott, Baumbach and Will"
"",McKenzie-Kulas
"",Feeney-Stoltenberg
"",Jacobi Inc
"",Reichert LLC
"",Swift-Sauer
"","Gleason, Jakubowski and Schmidt"
"",Hettinger-Bechtelar
"",Hauck-Gutkowski
"",Schumm Group
"",Jacobi Inc
"",Pfeffer and Sons
"","Wolff, Durgan and Boehm"
"",McClure-Carter
"",Dach Inc
"",Kohler-Macejkovic
"",Lowe-Nitzsche
"",Walter Group
"",Jones Inc
"",Steuber-Schaden
"","Larkin, Bins and Wisoky"
"",Bins Inc
"",Reichel Inc
"","McGlynn, Howell and Koch"
"",Hermann-Lind
"",Daugherty-Borer
"",Rau LLC
"",Hickle-Hermiston
"",Gleichner Group
"",Kassulke Group
"","Denesik, MacGyver and Jacobson"
"",Harris and Sons
"","Macejkovic, Ankunding and Hartmann"
